State,District,FirstLastP,Party,Raised,Spent,Difference,Outcome,Winner,CRPICO
Alabama,1,Jerry Carl (R),R,1971321.5,1859348.91,111972.59000000008,W,1,O
Alabama,1,James Averhart (D),D,80094.95,78973.24,1121.7099999999919,L,0,O
Alabama,2,Barry Moore (R),R,650806.75,669367.7000000001,-18560.95000000007,W,1,O
Alabama,2,Phyllis Harvey-Hall (D),D,56049.68,55988.07000000001,61.609999999993306,L,0,O
Alabama,3,Mike D Rogers (R),R,1193111.4300000002,1218563.76,-25452.32999999984,W,1,I
Alabama,3,Adia Winfrey (D),D,50273.2,40971.09,9302.11,L,0,C
Alabama,4,Robert B Aderholt (R),R,1255076.11,1323812.08,-68735.96999999997,W,1,I
Alabama,5,Mo Brooks (R),R,655364.7999999999,210045.13,445319.6699999999,W,1,I
Alabama,6,Gary Palmer (R),R,907218.78,909082.2,-1863.4199999999255,W,1,I
Alabama,7,Terri Sewell (D),D,2168165.01,1495957.14,672207.8699999999,W,1,I
Alaska,1,Don Young (R),R,1922901.19,1790448.12,132453.06999999983,W,1,I
Alaska,1,Alyse Galvin (I),I,5178452.0200000005,5088103.41,90348.61000000034,L,0,C
Arizona,1,Tom O'Halleran (D),D,3381353.45,3324138.19,57215.26000000024,W,1,I
Arizona,1,Tiffany Shedd (R),R,1675618.0599999998,1615704.39,59913.669999999925,L,0,C
Arizona,2,Ann Kirkpatrick (D),D,1849861.51,1384764.75,465096.76,W,1,I
Arizona,2,Brandon Martin (R),R,374820.5500000001,381067.07,-6246.519999999902,L,0,C
Arizona,3,Raul M Grijalva (D),D,843559.9,655506.97,188052.93000000005,W,1,I
Arizona,3,Daniel Wood (R),R,41422.39,41961.8,-539.4100000000035,L,0,C
Arizona,4,Paul Gosar (R),R,622151.0700000001,729891.81,-107740.73999999999,W,1,I
Arizona,4,Delina DiSanto (D),D,77167.5,79757.81,-2590.3099999999977,L,0,C
Arizona,5,Andy Biggs (R),R,1602181.1700000002,1236379.82,365801.3500000001,W,1,I
Arizona,5,Joan Greene (D),D,356068.52,209789.14,146279.38,L,0,C
Arizona,6,David Schweikert (R),R,2265328.77,2249979.11,15349.660000000149,W,1,I
Arizona,6,Hiral Tipirneni (D),D,6301073.430000001,6366702.47,-65629.0399999991,L,0,C
Arizona,6,Tom Lewellen (I),I,11684.7,10999.54,685.1599999999999,L,0,C
Arizona,7,Ruben Gallego (D),D,1811753.93,1653960.74,157793.18999999994,W,1,I
Arizona,7,Josh Barnett (R),R,28093.0,17882.67,10210.330000000002,L,0,C
Arizona,8,Debbie Lesko (R),R,1605245.43,987453.17,617792.2599999999,W,1,I
Arizona,8,Michael Muscato (D),D,357905.84,347734.22,10171.620000000054,L,0,C
Arizona,9,Greg Stanton (D),D,2001619.38,1001350.17,1000269.2099999998,W,1,I
Arizona,9,Dave Giles (R),R,130480.29,129934.54,545.75,L,0,C
Arkansas,1,Rick Crawford (R),R,966801.25,1095517.53,-128716.28000000003,W,1,I
Arkansas,2,French Hill (R),R,3384489.66,3020490.93,363998.73,W,1,I
Arkansas,2,Joyce Elliott (D),D,3482463.03,3478733.18,3729.8499999996275,L,0,C
Arkansas,3,Steve Womack (R),R,1127158.1700000002,923120.26,204037.91000000015,W,1,I
Arkansas,4,Bruce Westerman (R),R,1407769.5699999998,1102573.11,305196.45999999973,W,1,I
Arkansas,4,William Hanson (D),D,109767.15,111682.66,-1915.5100000000093,L,0,C
California,1,Doug LaMalfa (R),R,1219556.17,1155945.34,63610.82999999984,W,1,I
California,1,Audrey Denney (D),D,2461769.49,2457660.64,4108.850000000093,L,0,C
California,2,Jared Huffman (D),D,899418.89,797753.48,101665.41000000003,W,1,I
California,2,Dale Mensing (R),R,5921.0,2197.23,3723.77,L,0,C
California,3,John Garamendi (D),D,1054066.16,667320.28,386745.8799999999,W,1,I
California,3,Tamika Hamilton (R),R,397099.11,384583.7,12515.409999999974,L,0,C
California,4,Tom McClintock (R),R,2053362.96,2107248.27,-53885.310000000056,W,1,I
California,4,Brynne Kennedy (D),D,3006020.3000000003,3002531.77,3488.5300000002608,L,0,C
California,5,Mike Thompson (D),D,2208136.29,2022750.89,185385.40000000014,W,1,I
California,5,Scott Giblin (R),R,0.0,593.86,-593.86,L,0,C
California,6,Doris Matsui (D),D,1019605.42,1073529.14,-53923.719999999856,W,1,I
California,6,Chris Bish (R),R,44772.03,44553.89,218.13999999999942,L,0,C
California,7,Ami Bera (D),D,1757748.4,1053443.64,704304.76,W,1,I
California,7,Buzz Patterson (R),R,43876.18,29614.19,14261.990000000002,L,0,C
California,8,Jay Obernolte (R),R,1861647.09,1792063.88,69583.2100000002,W,1,O
California,8,Chris Bubser (D),D,1858000.78,1856613.14,1387.6400000001304,L,0,O
California,9,Jerry McNerney (D),D,1177958.9300000002,1112543.33,65415.60000000009,W,1,I
California,10,Josh Harder (D),D,7400135.359999999,3950613.49,3449521.869999999,W,1,I
California,10,Ted Howze (R),R,1426552.3099999998,1721881.69,-295329.3800000001,L,0,C
California,11,Mark Desaulnier (D),D,610394.25,440536.7,169857.55,W,1,I
California,11,Nisha Sharma (R),R,174954.34,171869.64,3084.6999999999825,L,0,C
California,12,Nancy Pelosi (D),D,27359508.43,22064952.91,5294555.52,W,1,I
California,12,Shahid Buttar (D),D,1672875.7100000002,1650467.13,22408.580000000307,L,0,C
California,13,Barbara Lee (D),D,1828212.51,1750142.23,78070.28000000003,W,1,I
California,13,Nikka Piterman (R),R,9839.41,9903.82,-64.40999999999985,L,0,C
California,14,Jackie Speier (D),D,942933.73,919598.68,23335.04999999993,W,1,I
California,15,Eric Swalwell (D),D,2807773.5,3977838.66,-1170065.1600000001,W,1,I
California,15,Alison Hayden (R),R,0.0,8357.65,-8357.65,L,0,C
California,16,Jim Costa (D),D,2135524.73,1835244.42,300280.31000000006,W,1,I
California,17,Ro Khanna (D),D,3837981.52,2455456.6100000003,1382524.9099999997,W,1,I
California,17,Ritesh Tandon (R),R,175536.32,175014.57,521.75,L,0,C
California,18,Anna Eshoo (D),D,2114908.93,2059157.71,55751.220000000205,W,1,I
California,18,Rishi Kumar (D),D,674383.01,691938.46,-17555.449999999953,L,0,C
California,19,Zoe Lofgren (D),D,1755555.37,1731699.7300000002,23855.639999999898,W,1,I
California,19,Justin Aguilera (R),R,9112.0,11542.18,-2430.1800000000003,L,0,C
California,20,Jimmy Panetta (D),D,2009893.95,1592670.91,417223.04000000004,W,1,I
California,20,Jeff Gorman (R),R,67634.2,64947.32,2686.8799999999974,L,0,C
California,21,TJ Cox (D),D,5695156.819999999,5694005.17,1151.6499999994412,L,0,I
California,21,David Valadao (R),R,4067880.26,3982586.94,85293.31999999983,W,1,C
California,22,Devin Nunes (R),R,26825212.07,20156092.78,6669119.289999999,W,1,I
California,22,Phil Arballo (D),D,5091451.329999999,5062185.319999999,29266.009999999776,L,0,C
California,23,Kevin McCarthy (R),R,27780643.76,24265583.21,3515060.5500000007,W,1,I
California,23,Kim Mangone (D),D,1671100.78,1665372.8,5727.979999999981,L,0,C
California,24,Salud Carbajal (D),D,2117836.37,1451622.04,666214.3300000001,W,1,I
California,24,Andy Caldwell (R),R,1298797.68,1268199.25,30598.429999999935,L,0,C
California,25,Mike Garcia (R),R,9962506.510000002,9584648.24,377858.2700000014,W,1,I
California,25,Christy Smith (D),D,5977734.3,5808476.649999999,169257.65000000037,L,0,C
California,26,Julia Brownley (D),D,1976694.82,1314677.02,662017.8,W,1,I
California,26,Ronda Kennedy (R),R,246225.6,67208.47,179017.13,L,0,C
California,27,Judy Chu (D),D,1213705.84,956297.79,257408.05000000005,W,1,I
California,27,Johnny Nalbandian (R),R,39584.2,39159.46,424.73999999999796,L,0,C
California,28,Adam Schiff (D),D,19382855.39,10188664.09,9194191.3,W,1,I
California,28,Eric Early (R),R,4085322.45,3790026.99,295295.45999999996,L,0,C
California,29,Tony Cardenas (D),D,1419697.39,1213587.98,206109.40999999992,W,1,I
California,29,Angelica Duenas (3),3,78083.34,76627.11,1456.229999999996,L,0,C
California,30,Brad Sherman (D),D,1513373.95,1111826.06,401547.8899999999,W,1,I
California,31,Pete Aguilar (D),D,2475747.64,1861434.24,614313.4000000001,W,1,I
California,31,Agnes Gibboney (R),R,138686.97,127907.43,10779.540000000008,L,0,C
California,32,Grace Napolitano (D),D,478426.15,251046.86,227379.29000000004,W,1,I
California,32,Joshua Scott (R),R,23624.37,14247.84,9376.529999999999,L,0,C
California,33,Ted Lieu (D),D,1661435.54,1582572.55,78862.98999999999,W,1,I
California,33,James Bradley (R),R,78909.68000000001,79034.68000000001,-125.0,L,0,C
California,34,Jimmy Gomez (D),D,1401165.87,1268312.46,132853.41000000015,W,1,I
California,34,David Kim (D),D,193430.05,80380.56,113049.48999999999,L,0,C
California,35,Norma Torres (D),D,654727.0,664599.54,-9872.540000000037,W,1,I
California,35,Mike Cargile (R),R,36113.02,35915.06,197.95999999999913,L,0,C
California,36,Raul Ruiz (D),D,2402623.68,1732442.52,670181.1600000001,W,1,I
California,36,Erin Cruz (R),R,54216.55,53839.99,376.56000000000495,L,0,C
California,37,Karen Bass (D),D,2216466.85,1202941.98,1013524.8700000001,W,1,I
California,37,Errol Webber (R),R,66397.86,174075.86,-107677.99999999999,L,0,C
California,38,Linda Sanchez (D),D,1246007.66,1140164.59,105843.06999999983,W,1,I
California,39,Gil Cisneros (D),D,4370133.03,4350463.64,19669.390000000596,L,0,I
California,39,Young Kim (R),R,6424556.26,6021651.38,402904.8799999999,W,1,C
California,40,Lucille Roybal-Allard (D),D,739790.48,741378.81,-1588.3300000000745,W,1,I
California,40,Antonio Delgado (R),R,85014.29,79270.37,5743.919999999998,L,0,C
California,41,Mark Takano (D),D,1020455.56,949494.38,70961.18000000005,W,1,I
California,41,Aja Smith (R),R,660658.13,659908.5399999999,749.5900000000838,L,0,C
California,42,Ken Calvert (R),R,1441811.68,1549112.86,-107301.18000000017,W,1,I
California,42,Liam O'Mara (D),D,130064.79,128782.0,1282.7899999999936,L,0,C
California,43,Maxine Waters (D),D,1836660.19,1906957.14,-70296.94999999995,W,1,I
California,44,Nanette Barragan (D),D,1173908.8199999998,714022.61,459886.20999999985,W,1,I
California,45,Katie Porter (D),D,16627705.97,6443700.0600000005,10184005.91,W,1,I
California,45,Greg Raths (R),R,1245766.5699999998,1241713.08,4053.489999999758,L,0,C
California,46,Lou Correa (D),D,1192714.85,650707.19,542007.6600000001,W,1,I
California,47,Alan Lowenthal (D),D,678648.24,854902.01,-176253.77000000002,W,1,I
California,47,John Briscoe (R),R,25302.36,21538.47,3763.8899999999994,L,0,C
California,48,Harley Rouda (D),D,5968858.11,6174442.61,-205584.5,L,0,I
California,48,Michelle Steel (R),R,6305664.84,6148590.93,157073.91000000015,W,1,C
California,49,Mike Levin (D),D,3845767.9,2901566.0700000003,944201.8299999996,W,1,I
California,49,Brian Maryott (R),R,2810253.44,2808217.24,2036.1999999997206,L,0,C
California,50,Darrell Issa (R),R,11239669.66,10947106.4,292563.2599999998,W,1,O
California,50,Ammar Campa-Najjar (D),D,6248209.54,6247761.57,447.96999999973923,L,0,O
California,51,Juan Vargas (D),D,799734.22,801670.85,-1936.6300000000047,W,1,I
California,51,Juan Hidalgo (R),R,83729.63,81181.7,2547.9300000000076,L,0,C
California,52,Scott Peters (D),D,1911791.14,2131849.49,-220058.35000000033,W,1,I
California,52,James Debello (R),R,233464.35,224629.57,8834.779999999999,L,0,C
California,53,Sara Jacobs (D),D,7678363.470000001,7586185.78,92177.69000000041,W,1,O
California,53,Georgette Gomez (D),D,1691793.73,1663251.64,28542.090000000084,L,0,O
Colorado,1,Diana DeGette (D),D,1201025.62,1077130.4400000002,123895.17999999993,W,1,I
Colorado,2,Joseph Neguse (D),D,1353324.76,674601.93,678722.83,W,1,I
Colorado,2,Alex Johnson (I),I,4781.96,4092.99,688.9700000000003,L,0,C
Colorado,3,Diane Mitsch Bush (D),D,5008273.74,4984238.32,24035.419999999925,L,0,O
Colorado,3,Lauren Boebert (R),R,2989509.89,2632715.56,356794.3300000001,W,1,O
Colorado,4,Ken Buck (R),R,478983.54,539393.23,-60409.69,W,1,I
Colorado,4,Ike McCorkle (D),D,369870.53,217397.58,152472.95000000004,L,0,C
Colorado,5,Doug Lamborn (R),R,540712.36,329010.58,211701.77999999997,W,1,I
Colorado,5,Jillian Freeland (D),D,185255.25,175547.52000000002,9707.729999999981,L,0,C
Colorado,5,Rebecca Keltie (3),3,2551.76,1494.95,1056.8100000000002,L,0,C
Colorado,6,Jason Crow (D),D,4136137.49,2892443.18,1243694.31,W,1,I
Colorado,6,Steven House (R),R,1200055.78,1198044.25,2011.530000000028,L,0,C
Colorado,6,Jaimie Kulikowski (3),3,72293.23,110645.22,-38351.990000000005,L,0,C
Colorado,7,Ed Perlmutter (D),D,1632262.09,1339481.64,292780.4500000002,W,1,I
Colorado,7,Anthony Malgieri (I),I,1930.0,1958.45,-28.450000000000045,L,0,C
Connecticut,1,John Larson (D),D,1377237.6,1323690.42,53547.18000000017,W,1,I
Connecticut,1,Mary Fay (R),R,26836.46,25118.18,1718.2799999999988,L,0,C
Connecticut,2,Joe Courtney (D),D,964731.32,999359.87,-34628.55000000005,W,1,I
Connecticut,2,Justin Anderson (R),R,80227.41,78767.12,1460.2900000000081,L,0,C
Connecticut,3,Rosa DeLauro (D),D,1938999.38,1795634.99,143364.3899999999,W,1,I
Connecticut,3,Margaret Streicker (R),R,1839080.22,1835384.91,3695.310000000056,L,0,C
Connecticut,3,Justin Paglino (3),3,29199.64,28670.47,529.1699999999983,L,0,C
Connecticut,4,Jim Himes (D),D,1612935.25,2180028.71,-567093.46,W,1,I
Connecticut,4,Jonathan Riddle (R),R,31591.47,17385.2,14206.27,L,0,C
Connecticut,5,Jahana Hayes (D),D,2037825.58,1564685.13,473140.4500000002,W,1,I
Connecticut,5,David Sullivan (R),R,397395.32,397370.44,24.880000000004657,L,0,C
Delaware,1,Lisa Blunt Rochester (D),D,2024201.18,1305617.73,718583.45,W,1,I
Delaware,1,Lee Murphy (R),R,131393.78,131862.44,-468.6600000000035,L,0,C
Delaware,1,Catherine Purcell (I),I,5343.68,5102.74,240.9400000000005,L,0,C
Florida,1,Matt Gaetz (R),R,5946645.73,4482781.64,1463864.0900000008,W,1,I
Florida,1,Phil Ehr (D),D,2025099.31,1900451.3,124648.01000000001,L,0,C
Florida,1,Bert Oram (I),I,8108.0,7069.5,1038.5,L,0,C
Florida,2,Neal Dunn (R),R,653488.05,637579.55,15908.5,W,1,I
Florida,3,Kat Cammack (R),R,1122187.61,1090334.14,31853.470000000205,W,1,O
Florida,3,Adam Christensen (D),D,216020.59,219108.08,-3087.4899999999907,L,0,O
Florida,4,John Rutherford (R),R,1024912.09,1283701.0,-258788.91000000003,W,1,I
Florida,5,Al Lawson (D),D,848498.2799999999,695778.95,152719.32999999996,W,1,I
Florida,6,Michael Waltz (R),R,2549667.0500000003,1716768.35,832898.7000000002,W,1,I
Florida,6,Clint Curtis (D),D,24309.84,22251.09,2058.75,L,0,C
Florida,6,Gerry Nolan (I),I,4467.47,5256.37,-788.8999999999996,L,0,C
Florida,7,Stephanie Murphy (D),D,3124692.03,1798548.6,1326143.4299999997,W,1,I
Florida,7,Leo Valentin (R),R,1045426.18,1031316.45,14109.730000000098,L,0,C
Florida,7,Bill Garlington (I),I,11000.0,0.0,11000.0,L,0,C
Florida,8,Bill Posey (R),R,985267.9,1121833.85,-136565.95000000007,W,1,I
Florida,8,James Kennedy (D),D,138568.44,138790.25,-221.80999999999767,L,0,C
Florida,9,Darren Soto (D),D,1111749.93,945868.05,165881.8799999999,W,1,I
Florida,9,William Olson (R),R,404405.98,401087.79,3318.1900000000023,L,0,C
Florida,10,Val Demings (D),D,1876046.6,1191019.63,685026.9700000002,W,1,I
Florida,10,Vennia Francois (R),R,335480.34,332852.22000000003,2628.1199999999953,L,0,C
Florida,11,Daniel Webster (R),R,691260.5499999999,586965.49,104295.05999999994,W,1,I
Florida,11,Dana Cottrell (D),D,62658.26,62379.69,278.5699999999997,L,0,C
Florida,12,Gus Bilirakis (R),R,1604137.4500000002,1548633.76,55503.69000000018,W,1,I
Florida,12,Kim Walker (D),D,42802.1,33543.84,9258.260000000002,L,0,C
Florida,13,Charlie Crist (D),D,2720645.92,3980694.52,-1260048.6,W,1,I
Florida,13,Anna Paulina Luna (R),R,3302944.16,3262235.7,40708.45999999996,L,0,C
Florida,14,Kathy Castor (D),D,884651.02,1201652.8099999998,-317001.7899999998,W,1,I
Florida,14,Christine Quinn (R),R,242144.39,241186.87,957.5200000000186,L,0,C
Florida,15,Alan Cohn (D),D,2333052.76,2300196.55,32856.20999999996,L,0,O
Florida,15,Scott Franklin (R),R,1663897.83,1638416.94,25480.89000000013,W,1,O
Florida,16,Vernon Buchanan (R),R,3094610.93,3100766.12,-6155.189999999944,W,1,I
Florida,16,Margaret Good (D),D,3411924.31,3407844.5700000003,4079.739999999758,L,0,C
Florida,17,Greg Steube (R),R,759908.3300000001,621200.31,138708.02000000002,W,1,I
Florida,17,Allen Ellison (D),D,83480.67,78242.59000000001,5238.079999999987,L,0,C
Florida,17,Theodore Murray (I),I,0.0,10.0,-10.0,L,0,C
Florida,18,Brian Mast (R),R,6128176.96,5301307.39,826869.5700000003,W,1,I
Florida,18,Pam Keith (D),D,1639872.71,1632735.5,7137.209999999963,L,0,C
Florida,19,Byron Donalds (R),R,3219578.71,2738684.64,480894.06999999983,W,1,O
Florida,19,Cindy Banyai (D),D,214750.44,203430.45,11319.98999999999,L,0,O
Florida,20,Alcee Hastings (D),D,607649.14,543315.56,64333.57999999996,W,1,I
Florida,20,Greg Musselwhite (R),R,28955.28,27537.64,1417.6399999999994,L,0,C
Florida,21,Lois Frankel (D),D,1534881.62,1309786.09,225095.53000000003,W,1,I
Florida,21,Laura Loomer (R),R,2271603.65,2240688.99,30914.659999999683,L,0,C
Florida,21,Charleston Malkemus (I),I,28927.57,28635.95,291.619999999999,L,0,C
Florida,22,Ted Deutch (D),D,1364438.44,1265494.08,98944.35999999987,W,1,I
Florida,23,Debbie Wasserman Schultz (D),D,2191922.29,1979903.49,212018.80000000005,W,1,I
Florida,23,Carla Spalding (R),R,919579.43,903561.2,16018.230000000098,L,0,C
Florida,24,Frederica Wilson (D),D,412591.56,321018.89,91572.66999999998,W,1,I
Florida,24,Lavern Spicer (R),R,34973.3,34909.16,64.13999999999942,L,0,C
Florida,24,Christine Olivo (I),I,31645.82,32897.51,-1251.6900000000023,L,0,C
Florida,25,Mario Diaz-Balart (R),R,1590134.36,804054.46,786079.9000000001,W,1,I
Florida,26,Debbie Mucarsel-Powell (D),D,6793520.67,6822740.46,-29219.790000000037,L,0,I
Florida,26,Carlos Gimenez (R),R,2226559.46,2187388.56,39170.89999999991,W,1,C
Florida,27,Donna Shalala (D),D,3842907.29,3735965.92,106941.37000000011,L,0,I
Florida,27,Maria Salazar (R),R,3654189.85,3645813.71,8376.14000000013,W,1,C
Florida,27,Frank Polo (I),I,4606.12,4662.47,-56.350000000000364,L,0,C
Georgia,1,Buddy Carter (R),R,2315487.13,1734753.96,580733.1699999999,W,1,I
Georgia,1,Joyce Griggs (D),D,130043.17,125000.33,5042.8399999999965,L,0,C
Georgia,2,Sanford Bishop (D),D,1540682.68,1440571.11,100111.56999999983,W,1,I
Georgia,2,Don Cole (R),R,164274.14,162521.92,1752.2200000000012,L,0,C
Georgia,3,Drew Ferguson (R),R,2374211.54,2150911.12,223300.41999999993,W,1,I
Georgia,3,Val Almonord (D),D,35761.87,31946.44,3815.430000000004,L,0,C
Georgia,4,Hank Johnson (D),D,628302.83,490359.51,137943.31999999995,W,1,I
Georgia,4,Johsira C. Cruz (R),R,12954.11,23146.23,-10192.119999999999,L,0,C
Georgia,5,Nikema Williams (D),D,553963.9400000001,362801.23,191162.71000000008,W,1,O
Georgia,5,Robert Franklin (D),D,360472.52,358394.18,2078.3400000000256,L,0,O
Georgia,5,Angela Stanton-King (R),R,305278.74,301338.3,3940.4400000000023,L,0,O
Georgia,5,Kwanza Hall (D),D,239596.76,227091.42,12505.339999999997,L,0,O
Georgia,5,Barrington Martin II (D),D,16522.42,16516.61,5.809999999997672,L,0,O
Georgia,5,Chase Oliver (L),L,9225.39,5220.0,4005.3899999999994,L,0,O
Georgia,5,Steven Muhammad (I),I,3497.24,-4965.08,8462.32,L,0,O
Georgia,5,Keisha Waites (D),D,875.0,0.0,875.0,L,0,O
Georgia,6,Lucy McBath (D),D,8507298.370000001,8586053.700000001,-78755.33000000007,W,1,I
Georgia,6,Karen Handel (R),R,3026243.3,3072931.67,-46688.37000000011,L,0,C
Georgia,7,Richard McCormick (R),R,2595446.4,2563723.77,31722.62999999989,L,0,O
Georgia,8,Austin Scott (R),R,821744.7999999999,716158.52,105586.27999999991,W,1,I
Georgia,8,Jimmy Cooper (3),3,8542.09,8527.85,14.239999999999782,L,0,C
Georgia,8,Lindsay Holliday (D),D,7480.4,5220.0,2260.3999999999996,L,0,C
Georgia,9,Andrew Clyde (R),R,1569424.68,1561316.2,8108.479999999981,W,1,O
Georgia,9,Devin Pandy (D),D,84272.36,84623.17,-350.8099999999977,L,0,O
Georgia,10,Jody Hice (R),R,595946.55,457648.35,138298.20000000007,W,1,I
Georgia,10,Tabitha Johnson-Green (D),D,14807.96,12213.57,2594.3899999999994,L,0,C
Georgia,11,Barry Loudermilk (R),R,877767.26,700850.97,176916.29000000004,W,1,I
Georgia,11,Dana Barrett (D),D,404625.2,394976.88,9648.320000000007,L,0,C
Georgia,12,Richard W Allen (R),R,1228970.03,662818.44,566151.5900000001,W,1,I
Georgia,13,David Scott (D),D,1209614.37,1131745.64,77868.73000000021,W,1,I
Georgia,13,Becky Hites (R),R,63508.93,62935.21000000001,573.7199999999939,L,0,C
Georgia,13,Martin Cowen (L),L,13460.07,13463.850000000002,-3.780000000002474,L,0,C
Georgia,14,Marjorie Taylor Greene (R),R,2596914.48,2237598.51,359315.9700000002,W,1,O
Hawaii,1,Ed Case (D),D,508249.16,472568.89,35680.26999999996,w,1,I
Hawaii,1,Ron Curtis (R),R,12537.52,12646.84,-109.31999999999971,L,0,C
Hawaii,2,Kai Kahele (D),D,1235523.0,1039637.11,195885.89,W,1,O
Hawaii,2,Joe Akana (R),R,54533.78,55343.86,-810.0800000000017,L,0,O
Hawaii,2,Jonathan Hoomanawanui (3),3,1883.0,1522.31,360.69000000000005,L,0,O
Idaho,1,Russ Fulcher (R),R,575485.28,508456.76,67028.52000000002,W,1,I
Idaho,2,Mike Simpson (R),R,1008846.7,1099604.36,-90757.66000000015,W,1,I
Idaho,2,Aaron Swisher (D),D,70674.43,70268.32,406.10999999998603,L,0,C
Illinois,1,Bobby Rush (D),D,541435.19,496454.08,44981.10999999993,W,1,I
Illinois,1,Philanise White (R),R,6288.6,5047.85,1240.75,L,0,C
Illinois,2,Robin Kelly (D),D,1634782.71,1108137.1,526645.6099999999,W,1,I
Illinois,3,Marie Newman (D),D,2802093.08,2699323.06,102770.02000000002,W,1,O
Illinois,3,Mike Fricilone (R),R,128457.99,127979.6,478.3899999999994,L,0,O
Illinois,4,Jesus Garcia (D),D,822846.1,711159.36,111686.73999999999,W,1,I
Illinois,4,Jesus Solorio Jr (R),R,2065.0,843.27,1221.73,L,0,C
Illinois,5,Mike Quigley (D),D,1171507.2,926654.61,244852.58999999997,W,1,I
Illinois,6,Sean Casten (D),D,5582178.71,5313570.19,268608.51999999955,W,1,I
Illinois,6,Jeanne Ives (R),R,3157770.79,3135464.25,22306.540000000037,L,0,C
Illinois,7,Danny K Davis (D),D,544690.33,505506.2,39184.12999999995,W,1,I
Illinois,8,Raja Krishnamoorthi (D),D,6358877.91,2207702.77,4151175.14,W,1,I
Illinois,9,Jan Schakowsky (D),D,1834801.18,1514838.0799999998,319963.1000000001,W,1,I
Illinois,9,Sargis Sangari (R),R,35364.0,34714.62,649.3799999999974,L,0,C
Illinois,10,Brad Schneider (D),D,3459512.12,2873333.3800000004,586178.7399999998,W,1,I
Illinois,10,Valerie Ramirez Mukherjee (R),R,130225.0,64764.26000000001,65460.73999999999,L,0,C
Illinois,11,Bill Foster (D),D,2381353.6700000004,1823905.68,557447.9900000005,W,1,I
Illinois,11,Rick Laib (R),R,20342.82,20064.12,278.7000000000007,L,0,C
Illinois,12,Mike Bost (R),R,1918041.11,1509572.5,408468.6100000001,W,1,I
Illinois,12,Ray Lenzi (D),D,161324.43,104808.77,56515.65999999999,L,0,C
Illinois,13,Rodney Davis (R),R,4943458.88,4822599.64,120859.24000000022,W,1,I
Illinois,13,Betsy Dirksen Londrigan (D),D,5297007.31,5281880.359999999,15126.950000000186,L,0,C
Illinois,14,Lauren A Underwood (D),D,7803578.63,7301503.25,502075.3799999999,W,1,I
Illinois,14,Jim Oberweis (R),R,2438857.2,2348797.84,90059.36000000034,L,0,C
Illinois,15,Mary Miller (R),R,689056.95,570356.22,118700.72999999998,W,1,O
Illinois,15,Erika Weaver (D),D,58689.21,23348.96,35340.25,L,0,O
Illinois,16,Adam Kinzinger (R),R,2105735.6,1588549.84,517185.76,W,1,I
Illinois,16,Dani Brzozowski (D),D,459343.8,376167.06,83176.73999999999,L,0,C
Illinois,17,Cheri Bustos (D),D,4975191.73,6391008.65,-1415816.92,W,1,I
Illinois,17,Esther Joy King (R),R,2032878.18,2030586.68,2291.5,L,0,C
Illinois,18,Darin LaHood (R),R,3248113.25,1749127.81,1498985.44,W,1,I
Indiana,1,Frank Mrvan Jr (D),D,578634.89,464407.3,114227.59000000003,W,1,O
Indiana,1,Mark Leyva (R),R,16550.66,15342.99,1207.67,L,0,O
Indiana,2,Jackie Walorski (R),R,2383467.01,1698201.56,685265.4499999997,W,1,I
Indiana,2,Pat Hackett (D),D,881888.08,867300.75,14587.329999999958,L,0,C
Indiana,3,Jim Banks (R),R,1202509.35,769591.26,432918.0900000001,W,1,I
Indiana,3,Chip Coldiron (D),D,94055.63,89882.68,4172.950000000012,L,0,C
Indiana,4,Jim Baird (R),R,327727.0,190157.62,137569.38,W,1,I
Indiana,4,Joe Mackey (D),D,44585.08,43212.62,1372.4599999999991,L,0,C
Indiana,5,Christina Hale (D),D,4010368.45,3998904.94,11463.510000000242,L,0,O
Indiana,5,Victoria Spartz (R),R,3119327.84,3010203.43,109124.40999999968,W,1,O
Indiana,6,Greg Pence (R),R,3114448.2,2804147.62,310300.5800000001,W,1,I
Indiana,6,Jeannine Lee Lake (D),D,143088.54,145315.36000000002,-2226.820000000007,L,0,C
Indiana,7,Andre Carson (D),D,1011635.13,873962.47,137672.66000000003,W,1,I
Indiana,7,Susan Marie Smith (R),R,62905.1,59843.39,3061.709999999999,L,0,C
Indiana,8,Larry Bucshon (R),R,1051335.63,1078646.46,-27310.830000000075,W,1,I
Indiana,8,Thomasina Marsili (D),D,68734.44,68480.01,254.43000000000757,L,0,C
Indiana,9,Trey Hollingsworth (R),R,1166754.18,501136.02,665618.1599999999,W,1,I
Indiana,9,Andy Ruff (D),D,148263.42,134906.07,13357.350000000006,L,0,C
Indiana,9,Tonya Millis (L),L,10223.57,10040.81,182.76000000000022,L,0,C
Iowa,1,Abby Finkenauer (D),D,5901441.039999999,5875405.1,26035.93999999948,L,0,I
Iowa,1,Ashley Hinson (R),R,5175883.11,5059211.23,116671.87999999989,W,1,C
Iowa,2,Rita Hart (D),D,4232992.49,4114400.42,118592.0700000003,L,0,O
Iowa,2,Mariannette Miller-Meeks (R),R,2174194.41,1721926.46,452267.9500000002,W,1,O
Iowa,3,Cindy Axne (D),D,6236975.99,6236994.180000001,-18.190000000409782,W,1,I
Iowa,3,David Young (R),R,3170072.4,3094581.52,75490.87999999989,L,0,C
Iowa,4,J.D. Scholten (D),D,2885915.41,2902002.97,-16087.560000000056,L,0,O
Iowa,4,Randy Feenstra (R),R,1906234.33,1894288.06,11946.270000000019,W,1,O
Kansas,1,Tracey Mann (R),R,1403353.44,1127156.31,276197.1299999999,W,1,O
Kansas,1,Kali Barnett (D),D,603035.73,592924.22,10111.51000000001,L,0,O
Kansas,2,Michelle De La Isla (D),D,1825085.49,1810967.99,14117.5,L,0,O
Kansas,2,Jake Laturner (R),R,1593407.11,1578460.15,14946.960000000196,W,1,O
Kansas,3,Sharice Davids (D),D,5638552.2700000005,5168034.25,470518.0200000005,W,1,I
Kansas,3,Amanda Adkins (R),R,2182382.2800000003,2139672.66,42709.62000000011,L,0,C
Kansas,4,Ron Estes (R),R,1993808.48,1420188.01,573620.47,W,1,I
Kansas,4,Laura Lombard (D),D,264459.04000000004,258684.2,5774.840000000026,L,0,C
Kentucky,1,James Comer (R),R,736116.21,502553.54,233562.66999999998,W,1,I
Kentucky,2,Brett Guthrie (R),R,1412796.7000000002,1566621.73,-153825.0299999998,W,1,I
Kentucky,2,Hank Linderman (D),D,93387.97,71121.97,22266.0,L,0,C
Kentucky,2,Robert Lee Perry (L),L,12798.41,7825.3,4973.11,L,0,C
Kentucky,3,John Yarmuth (D),D,658295.41,690226.28,-31930.869999999995,W,1,I
Kentucky,3,Rhonda Palazzo (R),R,46143.99,45668.14,475.84999999999854,L,0,C
Kentucky,4,Thomas Massie (R),R,1457315.5499999998,1563275.13,-105959.58000000007,W,1,I
Kentucky,4,Alexandra Owensby (D),D,156174.07,106359.25,49814.82000000001,L,0,C
Kentucky,5,Hal Rogers (R),R,664168.16,835781.41,-171613.25,W,1,I
Kentucky,6,Andy Barr (R),R,4536264.03,4316239.23,220024.7999999998,W,1,I
Kentucky,6,Josh Hicks (D),D,2936320.16,2935615.3200000003,704.839999999851,L,0,C
Louisiana,1,Steve Scalise (R),R,37262827.260000005,32830607.090000004,4432220.170000002,W,1,I
Louisiana,2,Cedric Richmond (D),D,1628288.61,1302079.35,326209.26,W,1,I
Louisiana,3,Clay Higgins (R),R,751498.1900000001,720423.5,31074.69000000006,W,1,I
Louisiana,3,Robert Jon Anderson (D),D,63616.76,48015.16,15601.599999999999,L,0,C
Louisiana,3,Braylon Harris (D),D,23006.09,15129.93,7876.16,L,0,C
Louisiana,4,Mike Johnson (R),R,1299787.08,1039393.35,260393.7300000001,W,1,I
Louisiana,4,Kenny Houston (D),D,33677.26,33407.32,269.9400000000023,L,0,C
Louisiana,5,Luke Letlow (R),R,1392822.1,1303757.25,89064.8500000001,w,1,O
Louisiana,5,Lance Harris (R),R,696805.0,687832.9,8972.099999999977,l,0,O
Louisiana,5,Martin Lemelle (D),D,173795.56,162747.32,11048.23999999999,L,0,O
Louisiana,5,Scotty Robinson (R),R,113902.87,113834.96,67.90999999998894,L,0,O
Louisiana,5,Candy Christophe (D),D,77101.03,131160.65,-54059.619999999995,L,0,O
Louisiana,5,Phillip Snowden (D),D,29481.0,28077.43,1403.5699999999997,L,0,O
Louisiana,5,Matthew Hasty (R),R,2653.8,2615.46,38.340000000000146,L,0,O
Louisiana,6,Garret Graves (R),R,1743014.54,1200286.97,542727.5700000001,W,1,I
Louisiana,6,Dartanyon Williams (D),D,111315.7,98113.62,13202.080000000002,L,0,C
Maine,1,Chellie Pingree (D),D,487079.62,264790.37,222289.25,W,1,I
Maine,1,Jay Allen (R),R,79584.69,69853.31,9731.380000000005,L,0,C
Maine,2,Jared Golden (D),D,5272142.36,5233990.31,38152.050000000745,W,1,I
Maine,2,Dale Crafts (R),R,1199805.33,1196116.58,3688.75,L,0,C
Maryland,1,Andy Harris (R),R,1468096.08,973952.54,494143.54000000004,W,1,I
Maryland,1,Mia Mason (D),D,2524.03,0.0,2524.03,L,0,C
Maryland,2,Dutch Ruppersberger (D),D,1012835.02,927353.36,85481.66000000003,W,1,I
Maryland,2,Johnny Ray Salling (R),R,68320.0,66895.4,1424.6000000000058,L,0,C
Maryland,3,John Sarbanes (D),D,573599.22,687299.39,-113700.17000000004,W,1,I
Maryland,3,Charles Anthony (R),R,7798.23,6741.99,1056.2399999999998,L,0,C
Maryland,4,Anthony Brown (D),D,1446635.89,846826.98,599808.9099999999,W,1,I
Maryland,5,Steny H Hoyer (D),D,4587188.94,4342254.57,244934.3700000001,W,1,I
Maryland,5,Chris Palombi (R),R,43461.87,42095.38,1366.4900000000052,L,0,C
Maryland,6,David Trone (D),D,2944893.35,2959747.53,-14854.179999999702,W,1,I
Maryland,6,Neil Parrott (R),R,315936.29,261258.57,54677.71999999997,L,0,C
Maryland,7,Kweisi Mfume (D),D,1014126.35,713388.87,300737.48,W,1,I
Maryland,7,Kimberly Klacik (R),R,8296845.34,7499454.45,797390.8899999997,L,0,C
Maryland,7,Amber Ivey (I),I,41924.44,43394.13,-1469.689999999995,L,0,C
Maryland,8,Jamie Raskin (D),D,2072652.44,1399252.47,673399.97,W,1,I
Maryland,8,Gregory Coll (R),R,30875.71,27257.25,3618.459999999999,L,0,C
Massachusetts,1,Richard E Neal (D),D,4949384.08,5873122.45,-923738.3700000001,W,1,I
Massachusetts,2,James P McGovern (D),D,1052548.5,1089411.69,-36863.189999999944,W,1,I
Massachusetts,2,Tracy Lovvorn (R),R,26310.78,22318.6,3992.1800000000003,L,0,C
Massachusetts,3,Lori Trahan (D),D,1449302.53,1232436.5,216866.03000000003,W,1,I
Massachusetts,4,Jake Auchincloss (D),D,2608686.0300000003,2150903.95,457782.0800000001,W,1,O
Massachusetts,4,Julie Hall (R),R,131603.34,129377.95,2225.3899999999994,L,0,O
Massachusetts,5,Katherine Clark (D),D,1788706.4,1514877.43,273828.97,W,1,I
Massachusetts,5,Caroline Colarusso (R),R,148634.81999999998,146972.09999999998,1662.7200000000012,L,0,C
Massachusetts,6,Seth Moulton (D),D,1289804.51,1802168.79,-512364.28,W,1,I
Massachusetts,6,John Paul Moran (R),R,300220.43,299103.85,1116.5800000000163,L,0,C
Massachusetts,7,Ayanna Pressley (D),D,2163369.59,1748432.11,414937.47999999975,W,1,I
Massachusetts,8,Stephen Lynch (D),D,905613.97,1134661.9300000002,-229047.9600000002,W,1,I
Massachusetts,9,Bill Keating (D),D,708679.96,652447.95,56232.01000000001,W,1,I
Massachusetts,9,Helen Brady (R),R,28233.2,23735.31,4497.889999999999,L,0,C
Michigan,1,John Bergman (R),R,1868512.16,1733466.27,135045.8899999999,W,1,I
Michigan,1,Dana Ferguson (D),D,346212.87,339788.43,6424.440000000002,L,0,C
Michigan,2,Bill Huizenga (R),R,2175411.17,1883609.72,291801.44999999995,W,1,I
Michigan,2,Bryan Berghoef (D),D,751575.9500000001,669864.01,81711.94000000006,L,0,C
Michigan,2,Jean-Michel Creviere (3),3,281.0,1207.4,-926.4000000000001,L,0,C
Michigan,3,Hillary Scholten (D),D,3793132.19,3765941.95,27190.239999999758,L,0,O
Michigan,3,Peter Meijer (R),R,2975972.4400000004,2887773.5700000003,88198.87000000011,W,1,O
Michigan,4,John Moolenaar (R),R,1528612.0399999998,1036159.57,492452.46999999986,W,1,I
Michigan,4,Jerry Hilliard (D),D,23116.79,23603.25,-486.4599999999991,L,0,C
Michigan,5,Dan Kildee (D),D,1669951.41,1504094.4200000002,165856.98999999976,W,1,I
Michigan,6,Fred Upton (R),R,3616380.49,3464617.44,151763.05000000028,W,1,I
Michigan,6,Jon Hoadley (D),D,3116491.4,3098366.28,18125.12000000011,L,0,C
Michigan,7,Tim Walberg (R),R,2301635.46,1586358.29,715277.1699999999,W,1,I
Michigan,8,Elissa Slotkin (D),D,8967419.95,7419974.36,1547445.589999999,W,1,I
Michigan,8,Paul Junge (R),R,2107608.24,2097130.85,10477.39000000013,L,0,C
Michigan,9,Andy Levin (D),D,1316607.02,907237.4,409369.62,W,1,I
Michigan,10,Lisa McClain (R),R,2266287.08,2137031.42,129255.66000000015,W,1,O
Michigan,10,Kimberly Bizon (D),D,41438.35,41245.65,192.6999999999971,L,0,O
Michigan,11,Haley Stevens (D),D,5776924.01,5707447.96,69476.04999999981,W,1,I
Michigan,11,Eric Esshaki (R),R,1298612.39,1291508.61,7103.779999999795,L,0,C
Michigan,12,Debbie Dingell (D),D,1630497.62,1689581.91,-59084.289999999804,W,1,I
Michigan,12,Jeff Jones (R),R,10615.92,9656.82,959.1000000000004,L,0,C
Michigan,13,Rashida Tlaib (D),D,4014410.88,3690334.25,324076.6299999999,W,1,I
Michigan,14,Brenda Lawrence (D),D,1084662.42,789569.6900000001,295092.72999999986,W,1,I
Michigan,14,Vance Patrick (R),R,39670.45,41973.26,-2302.810000000005,L,0,C
Minnesota,1,Jim Hagedorn (R),R,2386033.32,2305993.7,80039.61999999965,W,1,I
Minnesota,1,Daniel Feehan (D),D,4861651.23,4863835.24,-2184.0099999997765,L,0,C
Minnesota,2,Angie Craig (D),D,5380100.84,4435491.859999999,944608.9800000004,W,1,I
Minnesota,2,Tyler Kistner (R),R,2990054.1,2956042.43,34011.669999999925,L,0,C
Minnesota,3,Dean Phillips (D),D,2328616.06,2152031.12,176584.93999999994,W,1,I
Minnesota,3,Kendall Qualls (R),R,1863926.64,1751214.21,112712.42999999993,L,0,C
Minnesota,4,Betty McCollum (D),D,1171747.98,994071.91,177676.06999999995,W,1,I
Minnesota,5,Ilhan Omar (D),D,5718516.71,5605576.25,112940.45999999996,W,1,I
Minnesota,5,Lacy Johnson (R),R,12050564.44,12000896.34,49668.09999999963,L,0,C
Minnesota,5,Ervan Katari Miller (I),I,255.0,187.38,67.62,L,0,C
Minnesota,6,Tom Emmer (R),R,2804265.19,2537611.8600000003,266653.3299999996,W,1,I
Minnesota,6,Tawnja Zahradka (D),D,49242.41,49214.37,28.040000000000873,L,0,C
Minnesota,7,Collin Peterson (D),D,2714012.22,2867577.46,-153565.23999999976,L,0,I
Minnesota,7,Michelle Fischbach (R),R,2618449.88,2580500.52,37949.35999999987,W,1,C
Minnesota,8,Pete Stauber (R),R,2593190.35,2608759.12,-15568.770000000019,W,1,I
Minnesota,8,Quinn Nystrom (D),D,1530605.72,1527005.27,3600.4499999999534,L,0,C
Mississippi,1,Trent Kelly (R),R,876882.0599999999,826673.15,50208.909999999916,W,1,I
Mississippi,1,Antonia Eliason (D),D,22280.86,18174.09,4106.77,L,0,C
Mississippi,2,Bennie G Thompson (D),D,1377391.97,1096904.11,280487.85999999987,W,1,I
Mississippi,3,Michael Guest (R),R,766807.12,518161.83,248645.28999999998,W,1,I
Mississippi,4,Steven Palazzo (R),R,817129.07,747216.6699999999,69912.40000000002,W,1,I
Missouri,1,Cori Bush (D),D,1418014.28,1333511.57,84502.70999999996,W,1,O
Missouri,2,Ann Wagner (R),R,5598286.95,6513101.08,-914814.1299999999,W,1,I
Missouri,2,Jill Schupp (D),D,4850947.78,4830434.44,20513.33999999985,L,0,C
Missouri,3,Blaine Luetkemeyer (R),R,2022905.4,2081390.57,-58485.17000000016,W,1,I
Missouri,4,Vicky Hartzler (R),R,1700977.9,1335607.29,365370.60999999987,W,1,I
Missouri,4,Lindsey Simmons (D),D,395934.26,384621.9,11312.359999999986,L,0,C
Missouri,5,Emanuel Cleaver (D),D,1393847.36,928060.58,465786.78000000014,W,1,I
Missouri,6,Sam Graves (R),R,1959515.64,1654755.56,304760.07999999984,W,1,I
Missouri,6,Gena Ross (D),D,10170.21,10530.02,-359.8100000000013,L,0,C
Missouri,7,Billy Long (R),R,1320419.7,1518233.7,-197814.0,W,1,I
Missouri,7,Audrey Richards (I),I,7985.0,8113.12,-128.1199999999999,L,0,C
Missouri,8,Jason Smith (R),R,1900227.24,1514785.8299999998,385441.41000000015,W,1,I
Missouri,8,Kathryn Ellis (D),D,302428.41,305387.4,-2958.990000000049,L,0,C
Montana,1,Kathleen Williams (D),D,6201758.09,6232285.68,-30527.58999999985,L,0,O
Montana,1,Matt Rosendale (R),R,3674705.68,3488045.02,186660.66000000015,W,1,O
Nebraska,1,Jeff Fortenberry (R),R,1472816.12,2458330.24,-985514.1200000001,W,1,I
Nebraska,1,Kate Bolz (D),D,1143509.32,1140370.52,3138.8000000000466,L,0,C
Nebraska,2,Don Bacon (R),R,3749271.63,3713960.75,35310.87999999989,W,1,I
Nebraska,2,Kara Eastman (D),D,4414390.43,4468005.76,-53615.330000000075,L,0,C
Nebraska,3,Adrian Smith (R),R,1506473.44,1148408.5499999998,358064.89000000013,W,1,I
Nebraska,3,Mark Elworth Jr (D),D,255.0,0.0,255.0,L,0,C
Nevada,1,Dina Titus (D),D,706192.8,587919.0,118273.80000000005,W,1,I
Nevada,2,Mark Amodei (R),R,1048055.85,1016672.96,31382.890000000014,W,1,I
Nevada,2,Patricia Ackerman (D),D,449362.6,449448.79,-86.19000000000233,L,0,C
Nevada,3,Susie Lee (D),D,4748018.649999999,4732008.52,16010.129999999888,W,1,I
Nevada,3,Dan Rodimer (R),R,2936058.8000000003,2915216.33,20842.470000000205,L,0,C
Nevada,4,Steven Horsford (D),D,3492371.88,3024426.52,467945.35999999987,W,1,I
Nevada,4,Jim Marchant (R),R,1462772.13,1419404.72,43367.409999999916,L,0,C
Nevada,4,Jonathan Royce Esteban (L),L,2788.06,1603.06,1185.0,L,0,C
New Hampshire,1,Chris Pappas (D),D,3205731.04,3105662.64,100068.3999999999,W,1,I
New Hampshire,1,Matt Mowers (R),R,1707214.23,1698760.63,8453.600000000093,L,0,C
New Hampshire,2,Ann Kuster (D),D,2960033.4,2970274.48,-10241.080000000075,W,1,I
New Hampshire,2,Steve Negron (R),R,368176.91,378959.11,-10782.200000000012,L,0,C
New Jersey,1,Don Norcross (D),D,2221989.46,1087264.3099999998,1134725.1500000001,W,1,I
New Jersey,1,Claire Gustafson (R),R,36519.78,21761.17,14758.61,L,0,C
New Jersey,2,Jeff Van Drew (R),R,4229170.63,4041493.06,187677.56999999983,W,1,I
New Jersey,2,Amy Kennedy (D),D,4984375.71,4978913.100000001,5462.609999999404,L,0,C
New Jersey,3,Andy Kim (D),D,7241282.61,6753261.8100000005,488020.7999999998,W,1,I
New Jersey,3,David Richter (R),R,1473668.65,1470648.13,3020.5200000000186,L,0,C
New Jersey,4,Chris Smith (R),R,1383084.63,1284521.67,98562.95999999996,W,1,I
New Jersey,4,Stephanie Schmid (D),D,699580.25,658010.5,41569.75,L,0,C
New Jersey,5,Josh Gottheimer (D),D,7694027.16,3487963.6,4206063.5600000005,W,1,I
New Jersey,5,Frank Pallotta (R),R,1972032.74,1948704.56,23328.179999999935,L,0,C
New Jersey,5,Louis A. Vellucci (I),I,5455.55,5341.53,114.02000000000044,L,0,C
New Jersey,6,Frank Pallone Jr. (D),D,3231755.29,2021736.75,1210018.54,W,1,I
New Jersey,7,Tom Malinowski (D),D,7414403.25,7423757.55,-9354.299999999814,W,1,I
New Jersey,7,Thomas H Kean Jr. (R),R,1500.0,541.0,959.0,L,0,C
New Jersey,8,Albio Sires (D),D,605810.03,551324.8,54485.22999999998,W,1,I
New Jersey,9,Bill Pascrell Jr. (D),D,1560549.9300000002,1795410.31,-234860.3799999999,W,1,I
New Jersey,9,Billy Prempeh (R),R,44268.95,35075.01,9193.939999999995,L,0,C
New Jersey,10,Donald M Payne Jr. (D),D,593734.97,457251.89,136483.07999999996,W,1,I
New Jersey,11,Mikie Sherrill (D),D,6419707.35,3733105.8,2686601.55,W,1,I
New Jersey,11,Rosemary Becchi (R),R,1687531.76,1686236.34,1295.4199999999255,L,0,C
New Jersey,12,Bonnie Watson Coleman (D),D,798438.63,840651.13,-42212.5,W,1,I
New Jersey,12,Mark Razzoli (R),R,3065.2,1142.41,1922.7899999999997,L,0,C
New Mexico,1,Debra Haaland (D),D,2246734.45,1875765.62,370968.8300000001,W,1,I
New Mexico,1,Michelle Garcia Holmes (R),R,257294.32,245589.73,11704.589999999997,L,0,C
New Mexico,2,Xochitl Torres Small (D),D,8387337.360000001,8539064.56,-151727.19999999925,L,0,I
New Mexico,2,Yvette Herrell (R),R,2805711.26,2921785.2,-116073.94000000041,W,1,C
New Mexico,2,Steve Jones (I),I,9404.5,9504.5,-100.0,L,0,C
New Mexico,3,Teresa Leger Fernandez (D),D,2296593.76,2132010.44,164583.31999999983,W,1,O
New York,1,Lee Zeldin (R),R,8396981.15,8250115.59,146865.56000000052,W,1,I
New York,1,Nancy Goroff (D),D,7866239.02,7860977.41,5261.609999999404,L,0,C
New York,2,Jackie Gordon (D),D,4351880.7,4334484.22,17396.480000000447,L,0,O
New York,2,Andrew Garbarino (R),R,1743986.18,1612132.23,131853.94999999995,W,1,O
New York,2,Harry Burger (3),3,2429.63,594.04,1835.5900000000001,L,0,O
New York,3,Tom Suozzi (D),D,2941006.29,2331301.55,609704.7400000002,W,1,I
New York,3,George Santos (R),R,658883.04,591238.65,67644.39000000001,L,0,C
New York,3,Joshua Sauberman (I),I,127.0,269.55,-142.55,L,0,C
New York,4,Kathleen Rice (D),D,1106258.28,1210410.25,-104151.96999999997,W,1,I
New York,4,Douglas Tuman (R),R,134937.05,130994.63,3942.4199999999837,L,0,C
New York,5,Gregory Meeks (D),D,2097572.0,1467454.45,630117.55,W,1,I
New York,5,Amit Lal (I),I,126.0,0.0,126.0,L,0,C
New York,6,Grace Meng (D),D,1292083.66,1872311.19,-580227.53,W,1,I
New York,6,Thomas Zmich (R),R,133403.4,131278.45,2124.9499999999825,L,0,C
New York,7,Nydia Velazquez (D),D,803216.64,676247.5,126969.14000000001,W,1,I
New York,8,Hakeem Jeffries (D),D,4168716.57,3293077.0,875639.5699999998,W,1,I
New York,9,Yvette Clarke (D),D,1200067.15,1190143.11,9924.039999999804,W,1,I
New York,10,Jerrold Nadler (D),D,1848687.82,1950773.83,-102086.01000000001,W,1,I
New York,10,Cathy Bernstein (R),R,49974.75,28384.03,21590.72,L,0,C
New York,10,Jeanne Nigro (I),I,34548.0,28038.91,6509.09,L,0,C
New York,10,Michael Madrid (L),L,14326.14,12148.6,2177.539999999999,L,0,C
New York,11,Max Rose (D),D,9284433.69,9499242.26,-214808.5700000003,L,0,I
New York,11,Nicole Malliotakis (R),R,3469995.05,3447051.62,22943.429999999702,W,1,C
New York,11,Kemi Akindude (I),I,21261.45,14696.53,6564.92,L,0,C
New York,12,Carolyn Maloney (D),D,3067173.16,3059201.82,7971.340000000317,W,1,I
New York,13,Adriano Espaillat (D),D,1087237.1800000002,1252740.34,-165503.15999999992,W,1,I
New York,14,Alexandria Ocasio-Cortez (D),D,20664795.04,16735422.4,3929372.6399999987,W,1,I
New York,14,John C. Cummings (R),R,11140936.71,10947758.43,193178.2800000012,L,0,C
New York,15,Ritchie Torres (D),D,2194025.43,1804335.75,389689.68000000017,W,1,O
New York,16,Jamaal Bowman (D),D,2878897.95,2801423.99,77473.95999999996,W,1,O
New York,17,Mondaire Jones (D),D,2984051.64,2186463.16,797588.48,W,1,O
New York,17,Maureen McArdle Schulman (R),R,54731.96,60083.7,-5351.739999999998,L,0,O
New York,17,Michael Parietti (3),3,44786.77,19670.43,25116.339999999997,L,0,O
New York,18,Sean Patrick Maloney (D),D,2556293.65,1718525.37,837768.2799999998,W,1,I
New York,18,Chele Farley (R),R,1186210.74,1152124.49,34086.25,L,0,C
New York,18,Scott Smith (I),I,8718.07,8402.97,315.10000000000036,L,0,C
New York,19,Antonio Delgado (D),D,5949475.05,2963286.0300000003,2986189.0199999996,W,1,I
New York,19,Kyle Van De Water (R),R,153796.02,120096.5,33699.51999999999,L,0,C
New York,20,Paul Tonko (D),D,1541984.37,1418994.03,122990.34000000008,W,1,I
New York,20,Elizabeth Joy (R),R,370851.56,336844.91,34006.65000000002,L,0,C
New York,21,Elise Stefanik (R),R,13287247.72,11655935.62,1631312.1000000015,W,1,I
New York,21,Tedra Cobb (D),D,5586792.62,5593265.95,-6473.3300000000745,L,0,C
New York,22,Anthony Brindisi (D),D,6020190.21,5772429.32,247760.88999999966,L,0,I
New York,22,Claudia Tenney (R),R,3051777.39,2725893.14,325884.25,L,0,C
New York,23,Tom Reed (R),R,3275176.93,3145027.01,130149.92000000039,W,1,I
New York,23,Tracy Mitrano (D),D,1450322.4500000002,1466128.21,-15805.759999999776,L,0,C
New York,24,John Katko (R),R,3821107.36,3597234.05,223873.31000000006,W,1,I
New York,24,Dana Balter (D),D,3212469.1700000004,3230807.7800000003,-18338.60999999987,L,0,C
New York,25,Joseph D Morelle (D),D,1375365.78,1274425.8199999998,100939.9600000002,W,1,I
New York,25,George Mitris (R),R,301375.86,279047.05,22328.809999999998,L,0,C
New York,25,Kevin Wilson (L),L,5128.33,3417.25,1711.08,L,0,C
New York,26,Brian Higgins (D),D,1124168.34,984106.08,140062.26000000013,W,1,I
New York,27,Chris Jacobs (R),R,2147100.79,2084271.47,62829.320000000065,W,1,I
New York,27,Nate McMurray (D),D,1150058.0,1097111.0299999998,52946.970000000205,L,0,C
North Carolina,1,G K Butterfield (D),D,1032868.82,880419.99,152448.82999999996,W,1,I
North Carolina,1,Sandy Smith (R),R,1458375.49,1437805.45,20570.040000000037,L,0,C
North Carolina,2,Deborah Ross (D),D,2268380.7,1816922.57,451458.1300000001,W,1,O
North Carolina,2,Alan Swain (R),R,119664.33,119435.11,229.22000000000116,L,0,O
North Carolina,2,Japheth Matemu (L),L,624.89,54.4,570.49,L,0,O
North Carolina,3,Greg Murphy (R),R,1767789.86,1505558.76,262231.1000000001,W,1,I
North Carolina,4,David Price (D),D,1161738.11,1014872.4,146865.71000000008,W,1,I
North Carolina,5,Virginia Foxx (R),R,1858387.51,1944629.38,-86241.86999999988,W,1,I
North Carolina,5,David Wilson Brown (D),D,61596.06,60667.5,928.5599999999977,L,0,C
North Carolina,6,Kathy Manning (D),D,2002283.96,1695596.31,306687.6499999999,W,1,O
North Carolina,6,Lee Haywood (R),R,73878.49,58341.56,15536.930000000008,L,0,O
North Carolina,6,Jennyfer Bucardo (I),I,750.0,759.48,-9.480000000000018,L,0,O
North Carolina,7,David Rouzer (R),R,1628458.13,1038882.53,589575.5999999999,W,1,I
North Carolina,7,Christopher Ward (D),D,16260.36,4118.51,12141.85,L,0,C
North Carolina,8,Richard Hudson (R),R,4135872.26,4359008.8100000005,-223136.55000000075,W,1,I
North Carolina,8,Patricia Timmons-Goodson (D),D,3855742.84,3852667.8,3075.0400000000373,L,0,C
North Carolina,9,Dan Bishop (R),R,4090260.46,4029864.41,60396.049999999814,W,1,I
North Carolina,9,Cynthia Wallace (D),D,811609.38,794299.67,17309.709999999963,L,0,C
North Carolina,10,Patrick McHenry (R),R,2780233.88,2339363.47,440870.4099999997,W,1,I
North Carolina,11,Madison Cawthorn (R),R,4478969.609999999,4366783.460000001,112186.14999999851,W,1,O
North Carolina,11,Moe Davis (D),D,2251412.9,2148121.08,103291.81999999983,L,0,O
North Carolina,12,Alma Adams (D),D,824124.3099999999,651882.5399999999,172241.77000000002,W,1,I
North Carolina,12,Bill Brewster (R),R,21950.0,16762.63,5187.369999999999,L,0,C
North Carolina,13,Ted Budd (R),R,2294174.28,1293414.24,1000760.0399999998,W,1,I
North Carolina,13,Scott Huffman (D),D,193333.82,189966.87,3366.9500000000116,L,0,C
North Dakota,1,Kelly Armstrong (R),R,1269345.5,1080105.06,189240.43999999994,W,1,I
North Dakota,1,Zach Raknerud (D),D,28047.42,26028.58,2018.8399999999965,L,0,C
Ohio,1,Steve Chabot (R),R,3177647.48,2861464.14,316183.33999999985,W,1,I
Ohio,1,Kate Schroder (D),D,4040303.03,4039798.08,504.9499999997206,L,0,C
Ohio,1,Kevin Kahn (L),L,12084.95,8397.56,3687.3900000000012,L,0,C
Ohio,2,Brad Wenstrup (R),R,1794354.1,1757078.38,37275.720000000205,W,1,I
Ohio,2,Jaime Castle (D),D,284196.57,271470.84,12725.729999999981,L,0,C
Ohio,3,Joyce Beatty (D),D,2237886.62,2540687.2800000003,-302800.66000000015,W,1,I
Ohio,3,Nicholas Moss (I),I,1258.21,1248.21,10.0,L,0,C
Ohio,4,Jim Jordan (R),R,18313822.630000003,12945651.48,5368171.150000002,W,1,I
Ohio,5,Bob Latta (R),R,1580952.01,1477089.5299999998,103862.48000000021,W,1,I
Ohio,5,Nick Rubando (D),D,249318.85,247422.56,1896.2900000000081,L,0,C
Ohio,6,Bill Johnson (R),R,1866123.21,1853360.63,12762.580000000075,W,1,I
Ohio,6,Shawna Roberts (D),D,261.84,574.4,-312.56,L,0,C
Ohio,7,Bob Gibbs (R),R,791888.23,453928.25,337959.98,W,1,I
Ohio,7,Brandon Lape (L),L,3348.0,2712.73,635.27,L,0,C
Ohio,8,Warren Davidson (R),R,1016740.18,841532.5399999999,175207.64000000013,W,1,I
Ohio,8,Vanessa Enoch (D),D,40270.33,37546.42,2723.9100000000035,L,0,C
Ohio,9,Marcy Kaptur (D),D,1090394.5,979797.77,110596.72999999998,W,1,I
Ohio,9,Rob Weber (R),R,134898.16,123262.38,11635.779999999999,L,0,C
Ohio,10,Michael R Turner (R),R,1752254.55,1736283.36,15971.189999999944,W,1,I
Ohio,10,Desiree Tims (D),D,2040760.14,2024010.31,16749.82999999984,L,0,C
Ohio,11,Marcia Fudge (D),D,755787.45,499819.66,255967.78999999998,W,1,I
Ohio,11,Laverne Gore (R),R,157044.13,156826.58000000002,217.54999999998836,L,0,C
Ohio,12,Troy Balderson (R),R,2016826.2,1995665.38,21160.820000000065,W,1,I
Ohio,12,Alaina Shearer (D),D,1033711.31,1025410.07,8301.240000000107,L,0,C
Ohio,12,John Stewart (L),L,75169.54999999999,66381.60999999999,8787.940000000002,L,0,C
Ohio,13,Tim Ryan (D),D,1972445.98,2071453.57,-99007.59000000008,W,1,I
Ohio,13,Christina Hagan (R),R,861722.95,820659.7,41063.25,L,0,C
Ohio,14,David P Joyce (R),R,2917695.5,2501448.67,416246.8300000001,W,1,I
Ohio,14,Hillary O'Connor Mueri (D),D,579877.43,574646.0,5231.430000000051,L,0,C
Ohio,15,Steve Stivers (R),R,3004799.29,2293100.5500000003,711698.7399999998,W,1,I
Ohio,16,Anthony Gonzalez (R),R,2338194.99,1839806.86,498388.1300000001,W,1,I
Ohio,16,Aaron Godfrey (D),D,60294.39,60429.54,-135.15000000000146,L,0,C
Oklahoma,1,Kevin Hern (R),R,1094104.46,830366.4099999999,263738.05000000005,W,1,I
Oklahoma,1,Kojo Asamoa-Caesar (D),D,157355.24,173928.26,-16573.02000000002,L,0,C
Oklahoma,2,Markwayne Mullin (R),R,1660205.95,1077939.18,582266.77,W,1,I
Oklahoma,2,Danyell Lanier (D),D,41729.52,41722.08,7.439999999995052,L,0,C
Oklahoma,2,Richie Castaldo (L),L,0.0,1425.0,-1425.0,L,0,C
Oklahoma,3,Frank D Lucas (R),R,872748.85,1036145.42,-163396.57000000007,W,1,I
Oklahoma,4,Tom Cole (R),R,1812529.66,1753697.48,58832.179999999935,W,1,I
Oklahoma,4,Mary Brannon (D),D,-2083.56,1598.9700000000005,-3682.5300000000007,L,0,C
Oklahoma,5,Kendra Horn (D),D,5949800.37,5946195.260000001,3605.109999999404,L,0,I
Oklahoma,5,Stephanie Bice (R),R,3720519.86,3508928.75,211591.10999999987,W,1,C
Oregon,1,Suzanne Bonamici (D),D,959223.39,864626.6,94596.79000000004,W,1,I
Oregon,1,Chris Christensen (R),R,143.72,671.77,-528.05,L,0,C
Oregon,2,Cliff Bentz (R),R,1450779.96,1361726.75,89053.20999999996,W,1,O
Oregon,2,Alex Spenser (D),D,20640.47,5088.59,15551.880000000001,L,0,O
Oregon,3,Earl Blumenauer (D),D,1813364.69,1948453.29,-135088.6000000001,W,1,I
Oregon,3,Joanna Harbour (R),R,17681.0,14502.36,3178.6399999999994,L,0,C
Oregon,4,Peter DeFazio (D),D,5182842.779999999,5781073.77,-598230.9900000002,W,1,I
Oregon,4,Alek Skarlatos (R),R,5454620.88,5331264.33,123356.54999999981,L,0,C
Oregon,5,Kurt Schrader (D),D,2018692.09,1922073.41,96618.68000000017,W,1,I
Oregon,5,Amy Ryan Courser (R),R,231623.96,221040.97,10582.98999999999,L,0,C
Pennsylvania,1,Brian Fitzpatrick (R),R,4203825.21,4272135.43,-68310.21999999974,W,1,I
Pennsylvania,1,Christina Finello (D),D,2336813.7800000003,2329747.98,7065.800000000279,L,0,C
Pennsylvania,2,Brendan Boyle (D),D,1556650.4200000002,756316.51,800333.9100000001,W,1,I
Pennsylvania,3,Dwight Evans (D),D,942385.56,781264.73,161120.83000000007,W,1,I
Pennsylvania,4,Madeleine Dean (D),D,1435995.4,1005927.7,430067.69999999995,W,1,I
Pennsylvania,4,Kathy Barnette (R),R,1000389.3,884640.3,115749.0,L,0,C
Pennsylvania,4,Joe Tarshish (I),I,24038.0,23737.54,300.4599999999991,L,0,C
Pennsylvania,5,Mary Gay Scanlon (D),D,1455041.7799999998,1350275.98,104765.79999999981,W,1,I
Pennsylvania,5,Dasha Pruett (R),R,105145.69,82436.53,22709.160000000003,L,0,C
Pennsylvania,6,Chrissy Houlahan (D),D,3484483.63,1327282.9,2157200.73,W,1,I
Pennsylvania,6,John Emmons (R),R,608859.25,601390.42,7468.829999999958,L,0,C
Pennsylvania,6,John McHugh (I),I,6165.15,4409.8,1755.3499999999995,L,0,C
Pennsylvania,7,Susan Wild (D),D,4581056.08,4528267.41,52788.669999999925,W,1,I
Pennsylvania,8,Matt Cartwright (D),D,3885136.06,4144069.560000001,-258933.50000000093,W,1,I
Pennsylvania,8,Jim Bognet (R),R,1519527.05,1386040.15,133486.90000000014,L,0,C
Pennsylvania,9,Dan Meuser (R),R,1071961.31,944010.02,127951.29000000004,W,1,I
Pennsylvania,9,Gary Wegman (D),D,188787.08,187348.05,1439.0299999999988,L,0,C
Pennsylvania,10,Scott Perry (R),R,3956481.04,3839197.43,117283.60999999987,w,1,I
Pennsylvania,10,Eugene DePasquale (D),D,4534579.859999999,4526683.52,7896.339999999851,L,0,C
Pennsylvania,11,Lloyd Smucker (R),R,1349318.43,662704.32,686614.11,W,1,I
Pennsylvania,11,Sarah Hammond (D),D,28732.89,23457.93,5274.959999999999,L,0,C
Pennsylvania,12,Fred Keller (R),R,1541937.59,1066158.41,475779.18000000017,W,1,I
Pennsylvania,12,Lee Griffin (D),D,45849.8,44571.100000000006,1278.699999999997,L,0,C
Pennsylvania,12,Liz Terwilliger (L),L,6211.4,5937.18,274.21999999999935,L,0,C
Pennsylvania,13,John Joyce (R),R,1119769.39,461229.03,658540.3599999999,W,1,I
Pennsylvania,13,Todd Rowley (D),D,60348.4,67527.28,-7178.879999999997,L,0,C
Pennsylvania,14,Guy Reschenthaler (R),R,2250282.1500000004,1580487.84,669794.3100000003,W,1,I
Pennsylvania,14,Bill Marx (D),D,60402.94,45959.25,14443.690000000002,L,0,C
Pennsylvania,15,Glenn Thompson (R),R,1700061.04,1839072.77,-139011.72999999998,W,1,I
Pennsylvania,16,Mike Kelly (R),R,2239487.6,1319340.04,920147.56,W,1,I
Pennsylvania,16,Kristy Gnibus (D),D,584204.51,579453.44,4751.070000000065,L,0,C
Pennsylvania,17,Conor Lamb (D),D,4063113.71,3448849.87,614263.8399999999,W,1,I
Pennsylvania,17,Sean Parnell (R),R,3935774.18,3732399.46,203374.7200000002,L,0,C
Pennsylvania,18,Mike Doyle (D),D,1008711.04,999692.08,9018.96000000008,W,1,I
Pennsylvania,18,Luke Negron (R),R,57713.7,51665.62,6048.0799999999945,L,0,C
Rhode Island,1,David Cicilline (D),D,1574853.69,1743172.98,-168319.29000000004,W,1,I
Rhode Island,2,Jim Langevin (D),D,1102312.38,1422338.6,-320026.2200000002,W,1,I
Rhode Island,2,Bob Lancia (R),R,55549.2,47876.66,7672.539999999994,L,0,C
South Carolina,1,Joe Cunningham (D),D,6941746.07,6993962.21,-52216.139999999665,L,0,I
South Carolina,1,Nancy Mace (R),R,5766726.36,5707239.140000001,59487.21999999974,W,1,C
South Carolina,2,Joe Wilson (R),R,1648064.62,1723955.88,-75891.25999999978,W,1,I
South Carolina,2,Adair Boroughs (D),D,2510525.96,2507663.6,2862.3599999998696,L,0,C
South Carolina,3,Jeff Duncan (R),R,1509646.78,1271872.4,237774.38000000012,W,1,I
South Carolina,3,Hosea Cleveland (D),D,43214.36,45106.65,-1892.2900000000009,L,0,C
South Carolina,4,William Timmons (R),R,977783.92,982233.07,-4449.149999999907,W,1,I
South Carolina,4,Kim Nelson (D),D,167825.18,167508.16,317.0199999999895,L,0,C
South Carolina,5,Ralph Norman (R),R,991245.64,859746.52,131499.12,W,1,I
South Carolina,5,Moe Brown (D),D,480648.21,477295.08,3353.1300000000047,L,0,C
South Carolina,6,James E Clyburn (D),D,3406944.51,2332127.77,1074816.7399999998,W,1,I
South Carolina,7,Tom Rice (R),R,1405737.79,1242207.81,163529.97999999998,W,1,I
South Dakota,1,Dusty Johnson (R),R,1693504.29,699356.1,994148.1900000001,W,1,I
Tennessee,1,Diana Harshbarger (R),R,2126945.6,1869099.77,257845.83000000007,W,1,O
Tennessee,1,Blair Nicole Walsingham (D),D,140209.14,134994.55,5214.590000000026,L,0,O
Tennessee,2,Tim Burchett (R),R,1336275.75,878487.63,457788.12,W,1,I
Tennessee,2,Renee Hoyos (D),D,812783.86,816793.15,-4009.2900000000373,L,0,C
Tennessee,3,Chuck Fleischmann (R),R,1051653.39,381411.2,670242.19,W,1,I
Tennessee,3,Meg Gorman (D),D,85843.20999999999,77759.83,8083.37999999999,L,0,C
Tennessee,4,Scott Desjarlais (R),R,331464.0,392499.01,-61035.01000000001,W,1,I
Tennessee,4,Christopher Hale (D),D,308730.75,302995.83,5734.919999999984,L,0,C
Tennessee,5,Jim Cooper (D),D,936569.0,1332130.98,-395561.98,W,1,I
Tennessee,6,John Rose (R),R,1050428.96,625687.5399999999,424741.42000000004,W,1,I
Tennessee,7,Mark Green (R),R,1194960.47,935486.67,259473.79999999993,W,1,I
Tennessee,7,Kiran Sreepada (D),D,206644.28,207190.98,-546.7000000000116,L,0,C
Tennessee,7,Ronald Brown (I),I,1750.0,0.0,1750.0,L,0,C
Tennessee,7,Scott Vieira Jr (I),I,655.47,1048.51,-393.03999999999996,L,0,C
Tennessee,8,David Kustoff (R),R,1641216.54,999284.67,641931.87,W,1,I
Tennessee,8,Erika Stotts Pearson (D),D,19069.58,15882.91,3186.670000000002,L,0,C
Tennessee,9,Steve Cohen (D),D,607570.38,457311.46,150258.91999999998,W,1,I
Tennessee,9,Charlotte Bergmann (R),R,99146.77,100531.99,-1385.2200000000012,L,0,C
Tennessee,9,Dennis Clark (I),I,9990.83,9919.03,71.79999999999927,L,0,C
Texas,1,Louie Gohmert (R),R,552914.54,580441.39,-27526.849999999977,W,1,I
Texas,1,Hank Gilbert (D),D,968154.58,734410.53,233744.04999999993,L,0,C
Texas,2,Dan Crenshaw (R),R,19427864.83,17596328.61,1831536.2199999988,W,1,I
Texas,2,Sima Ladjevardian (D),D,3832697.21,3825286.86,7410.350000000093,L,0,C
Texas,2,Elliott Scheirman (L),L,15374.09,14295.52,1078.5699999999997,L,0,C
Texas,3,Van Taylor (R),R,2655326.62,2825377.8,-170051.1799999997,W,1,I
Texas,3,Helane Seikaly (D),D,1635185.14,1634843.35,341.7899999998044,L,0,C
Texas,4,Patrick Fallon (R),R,257173.51,95064.74,162108.77000000002,W,1,O
Texas,4,Tracy Shawn Jones (I),I,13002.22,10594.83,2407.3899999999994,L,0,O
Texas,5,Lance Gooden (R),R,1610327.03,1311982.56,298344.47,W,1,I
Texas,5,Carolyn Salter (D),D,317847.93,289111.65,28736.27999999997,L,0,C
Texas,5,Kevin Hale (L),L,18405.44,6508.07,11897.369999999999,L,0,C
Texas,6,Ron Wright (R),R,912133.8,907693.48,4440.320000000065,W,1,I
Texas,6,Stephen Daniel (D),D,680402.24,677568.41,2833.829999999958,L,0,C
Texas,7,Lizzie Fletcher (D),D,6265165.44,6246135.87,19029.570000000298,W,1,I
Texas,7,Wesley Hunt (R),R,7524063.54,7300121.649999999,223941.8900000006,L,0,C
Texas,8,Kevin Brady (R),R,3570477.24,3190447.36,380029.88000000035,W,1,I
Texas,8,Elizabeth Hernandez (D),D,17227.28,14980.97,2246.3099999999995,L,0,C
Texas,9,Al Green (D),D,460332.38,486154.53,-25822.150000000023,W,1,I
Texas,9,Johnny Teague (R),R,89965.31,88365.87,1599.4400000000023,L,0,C
Texas,10,Michael McCaul (R),R,3856476.83,3910930.0,-54453.169999999925,W,1,I
Texas,10,Mike Siegel (D),D,2873925.98,2829765.2,44160.779999999795,L,0,C
Texas,11,August Pfluger (R),R,2578540.07,1984133.58,594406.4899999998,W,1,O
Texas,11,Jon Mark Hogg (D),D,137729.77000000002,135141.19,2588.5800000000163,L,0,O
Texas,12,Kay Granger (R),R,3161288.18,3271815.1,-110526.91999999993,W,1,I
Texas,12,Lisa Welch (D),D,98464.55,98474.77,-10.220000000001164,L,0,C
Texas,12,Trey Holcomb (L),L,967.2,456.8,510.40000000000003,L,0,C
Texas,13,Ronny Jackson (R),R,2128271.23,1741131.99,387139.24,W,1,O
Texas,13,Gus Trujillo (D),D,22825.91,18820.36,4005.5499999999993,L,0,O
Texas,14,Randy Weber (R),R,936202.15,924658.84,11543.310000000056,W,1,I
Texas,14,Adrienne Bell (D),D,244754.02,240933.64,3820.3799999999756,L,0,C
Texas,14,Cyrus Sajna (I),I,35096.25,34941.71,154.54000000000087,L,0,C
Texas,14,Michael David Sanchez (I),I,100.0,12.0,88.0,L,0,C
Texas,15,Vicente Gonzalez (D),D,1008381.45,657499.77,350881.67999999993,W,1,I
Texas,15,Monica De La Cruz (R),R,344893.44,338831.8,6061.640000000014,L,0,C
Texas,16,Veronica Escobar (D),D,1135548.5399999998,1087693.12,47855.41999999969,W,1,I
Texas,16,Irene Armendariz-Jackson (R),R,168996.53,153671.0,15325.529999999999,L,0,C
Texas,17,Pete Sessions (R),R,1447957.9300000002,1658637.39,-210679.45999999973,W,1,O
Texas,17,Rick Kennedy (D),D,200667.91,202095.65,-1427.7399999999907,L,0,O
Texas,17,Ted Brown (L),L,3040.73,3040.75,-0.01999999999998181,L,0,O
Texas,18,Sheila Jackson Lee (D),D,924480.02,838413.51,86066.51000000001,W,1,I
Texas,18,Wendell Champion (R),R,305645.47,271278.17,34367.29999999999,L,0,C
Texas,19,Jodey Arrington (R),R,2497183.68,1932700.21,564483.4700000002,W,1,I
Texas,19,Tom Watson (D),D,49404.55,60805.62,-11401.07,L,0,C
Texas,20,Joaquin Castro (D),D,674060.61,686933.91,-12873.300000000047,W,1,I
Texas,20,Mauro Garza (R),R,263293.31,240930.37,22362.940000000002,L,0,C
Texas,21,Chip Roy (R),R,5005639.41,4679362.43,326276.98000000045,W,1,I
Texas,21,Wendy Davis (D),D,10263485.53,10201874.18,61611.34999999963,L,0,C
Texas,21,Michael Felts (I),I,3570.0,1850.82,1719.18,L,0,C
Texas,22,Sri Kulkarni (D),D,5639061.43,5630098.31,8963.120000000112,L,0,O
Texas,22,Troy Nehls (R),R,1806654.68,1787448.04,19206.639999999898,W,1,O
Texas,23,Gina Ortiz Jones (D),D,6755221.7,6842439.64,-87217.93999999948,L,0,O
Texas,23,Tony Gonzales (R),R,2797133.39,2764107.83,33025.560000000056,W,1,O
Texas,24,Candace Valenzuela (D),D,4886998.5200000005,4875031.48,11967.040000000037,L,0,O
Texas,24,Beth Van Duyne (R),R,3410852.21,3342442.08,68410.12999999989,W,1,O
Texas,24,Stephen Kuzmich (I),I,175504.46,201331.76,-25827.300000000017,L,0,O
Texas,24,Mark Bauer (I),I,26341.78,26541.78,-200.0,L,0,O
Texas,24,Darren Hamilton (L),L,570.0,212.0,358.0,L,0,O
Texas,25,Roger Williams (R),R,2435120.8,3347266.67,-912145.8700000001,W,1,I
Texas,25,Julie Oliver (D),D,2190347.1,2176319.43,14027.669999999925,L,0,C
Texas,26,Michael Burgess (R),R,1806587.67,2081390.92,-274803.25,W,1,I
Texas,27,Michael Cloud (R),R,1014427.31,829747.8500000001,184679.45999999996,W,1,I
Texas,28,Henry Cuellar (D),D,2655317.25,3650848.49,-995531.2400000002,W,1,I
Texas,28,Sandra Whitten (R),R,24760.12,27354.24,-2594.1200000000026,L,0,C
Texas,29,Sylvia Garcia (D),D,818984.11,758381.5,60602.609999999986,W,1,I
Texas,29,Jaimy Blanco (R),R,4378.27,0.0,4378.27,L,0,C
Texas,30,Eddie Bernice Johnson (D),D,589095.55,494546.98,94548.57000000007,W,1,I
Texas,30,Tre Pennie (R),R,311108.97000000003,305445.63,5663.340000000026,L,0,C
Texas,31,John Carter (R),R,2160187.09,2214486.52,-54299.43000000017,W,1,I
Texas,31,Donna Imam (D),D,1035222.12,1035272.12,-50.0,L,0,C
Texas,32,Colin Allred (D),D,5667724.64,5611747.29,55977.34999999963,W,1,I
Texas,32,Genevieve Collins (R),R,5923080.79,5915256.25,7824.540000000037,L,0,C
Texas,32,Jason Sigmon (I),I,11791.43,11651.43,140.0,L,0,C
Texas,33,Marc Veasey (D),D,1621928.84,1613445.76,8483.080000000075,W,1,I
Texas,33,Fabian Cordova Vasquez (R),R,36691.69,25584.96,11106.730000000003,L,0,C
Texas,34,Filemon Vela (D),D,983025.76,1024179.86,-41154.09999999998,W,1,I
Texas,34,Rey Gonzalez (R),R,37118.25,37445.83,-327.58000000000175,L,0,C
Texas,35,Lloyd Doggett (D),D,1336575.62,424803.85,911771.7700000001,W,1,I
Texas,35,Jennifer Sharon (R),R,19011.1,14442.45,4568.649999999998,L,0,C
Texas,36,Brian Babin (R),R,1345350.83,1297185.02,48165.810000000056,W,1,I
Texas,36,Brandon Rashad Lewis (D),D,21714.39,12277.65,9436.74,L,0,C
Utah,1,Blake Moore (R),R,844377.31,816015.33,28361.980000000098,W,1,O
Utah,1,Darren Parry (D),D,41218.23,40903.62,314.6100000000006,L,0,O
Utah,2,Chris Stewart (R),R,835138.51,812462.16,22676.349999999977,W,1,I
Utah,2,John Kael Weston (D),D,344773.55,306871.92000000004,37901.62999999995,L,0,C
Utah,3,John Curtis (R),R,874310.99,687264.89,187046.09999999998,W,1,I
Utah,3,Devin Thorpe (D),D,191411.67,190200.26,1211.4100000000035,L,0,C
Utah,3,Russel Fugal (I),I,392.82,346.45,46.370000000000005,L,0,C
Utah,4,Ben McAdams (D),D,5613541.84,5555591.449999999,57950.390000000596,L,0,I
Utah,4,Burgess Owens (R),R,5129475.14,5049145.95,80329.18999999948,W,1,C
Utah,4,Jonia Broderick (3),3,21393.59,21265.2,128.38999999999942,L,0,C
Vermont,1,Peter Welch (D),D,847320.3099999999,865251.85,-17931.540000000037,W,1,I
Virginia,1,Rob Wittman (R),R,1969784.92,2140374.86,-170589.93999999994,W,1,I
Virginia,2,Elaine Luria (D),D,6522276.24,6387473.62,134802.6200000001,W,1,I
Virginia,2,Scott Taylor (R),R,2452292.48,2446410.43,5882.049999999814,L,0,C
Virginia,3,Bobby Scott (D),D,873126.24,832419.09,40707.15000000002,W,1,I
Virginia,3,John Collick (R),R,167145.94,165080.22,2065.720000000001,L,0,C
Virginia,4,Donald McEachin (D),D,961411.5,963787.95,-2376.4499999999534,W,1,I
Virginia,4,Leon Benjamin (R),R,545353.7200000001,523429.02,21924.70000000007,L,0,C
Virginia,5,Cameron Webb (D),D,5755917.24,5750923.75,4993.4900000002235,L,0,O
Virginia,5,Bob Good (R),R,1373866.6,1323530.25,50336.35000000009,W,1,O
Virginia,6,Ben Cline (R),R,892955.3600000001,672928.4500000001,220026.91000000003,W,1,I
Virginia,6,Nicholas Betts (D),D,56190.44,54205.36,1985.0800000000017,L,0,C
Virginia,7,Abigail Spanberger (D),D,8387679.93,7852212.81,535467.1200000001,W,1,I
Virginia,7,Nick Freitas (R),R,3629431.22,3600108.23,29322.990000000224,L,0,C
Virginia,8,Don Beyer (D),D,1729481.91,2071906.08,-342424.17000000016,W,1,I
Virginia,8,Heerak Christian Kim (I),I,2035.52,1921.47,114.04999999999995,L,0,C
Virginia,9,Morgan Griffith (R),R,873612.12,463916.31,409695.81,W,1,I
Virginia,10,Jennifer Wexton (D),D,3855330.67,1772250.02,2083080.65,W,1,I
Virginia,10,Aliscia Andrews (R),R,1567597.65,1413145.17,154452.47999999998,L,0,C
Virginia,11,Gerry Connolly (D),D,1998591.94,1811776.03,186815.90999999992,W,1,I
Virginia,11,Manga Anantatmula (R),R,282152.23,268325.5,13826.729999999981,L,0,C
Virginia,11,Stevan Porter (L),L,532.77,1316.13,-783.3600000000001,L,0,C
Washington,1,Suzan DelBene (D),D,2182985.23,1897161.72,285823.51,W,1,I
Washington,1,Jeffrey Beeler (R),R,61969.54,62279.24,-309.6999999999971,L,0,C
Washington,2,Rick Larsen (D),D,1275126.76,1219489.31,55637.44999999995,W,1,I
Washington,2,Tim Hazelo (R),R,49478.22,49322.02,156.20000000000437,L,0,C
Washington,3,Jaime Herrera Beutler (R),R,4566382.75,4540147.78,26234.96999999974,W,1,I
Washington,3,Carolyn Long (D),D,4130539.81,4142684.81,-12145.0,L,0,C
Washington,4,Dan Newhouse (R),R,1173463.69,991174.36,182289.32999999996,W,1,I
Washington,4,Doug McKinley (D),D,57666.45,54226.87,3439.5799999999945,L,0,C
Washington,5,Cathy McMorris Rodgers (R),R,4349448.18,3432572.03,916876.1499999999,W,1,I
Washington,6,Derek Kilmer (D),D,2524025.83,2531110.5,-7084.6699999999255,W,1,I
Washington,6,Elizabeth Kreiselmaier (R),R,156123.45,145108.01,11015.440000000002,L,0,C
Washington,7,Pramila Jayapal (D),D,2630000.35,1530626.47,1099373.8800000001,W,1,I
Washington,7,Craig Keller (R),R,2904.0,3703.0,-799.0,L,0,C
Washington,8,Kim Schrier (D),D,5422491.42,3774397.89,1648093.5299999998,W,1,I
Washington,8,Jesse Jensen (R),R,852395.84,842268.65,10127.189999999944,L,0,C
Washington,9,Adam Smith (D),D,1324761.11,930709.97,394051.14000000013,W,1,I
Washington,9,Doug Basler (R),R,22536.0,18327.88,4208.119999999999,L,0,C
Washington,10,Marilyn Strickland (D),D,1812658.62,1780633.07,32025.550000000047,W,1,O
West Virginia,1,David McKinley (R),R,1092609.26,1085863.52,6745.739999999991,W,1,I
West Virginia,1,Natalie Ms. Cline (D),D,81031.77,81881.06,-849.2899999999936,L,0,C
West Virginia,2,Alex Mooney (R),R,2155977.5,864001.06,1291976.44,W,1,I
West Virginia,3,Carol Miller (R),R,869210.46,720796.13,148414.32999999996,W,1,I
West Virginia,3,Hilary Turner (D),D,99214.31,98768.58,445.7299999999959,L,0,C
Wisconsin,1,Bryan Steil (R),R,3500849.2,3151701.44,349147.76000000024,W,1,I
Wisconsin,1,Roger Polack (D),D,536227.5299999999,526430.63,9796.899999999907,L,0,C
Wisconsin,2,Mark Pocan (D),D,1290581.5,1014627.6,275953.9,W,1,I
Wisconsin,2,Peter Theron (R),R,35753.0,33977.21000000001,1775.7899999999936,L,0,C
Wisconsin,3,Ron Kind (D),D,2989261.9000000004,4435402.52,-1446140.6199999992,W,1,I
Wisconsin,3,Derrick Van Orden (R),R,1962442.66,1948638.62,13804.039999999804,L,0,C
Wisconsin,4,Gwen Moore (D),D,1183995.4,1166738.96,17256.439999999944,W,1,I
Wisconsin,5,Scott Fitzgerald (R),R,1155720.78,968405.59,187315.19000000006,W,1,O
Wisconsin,5,Tom Palzewicz (D),D,370392.34,371799.41,-1407.0699999999488,L,0,O
Wisconsin,6,Glenn Grothman (R),R,1815756.42,1736659.09,79097.32999999984,W,1,I
Wisconsin,6,Jessica King (D),D,287752.83,245787.59,41965.24000000002,L,0,C
Wisconsin,7,Tom Tiffany (R),R,2637459.08,2514739.74,122719.33999999985,W,1,I
Wisconsin,7,Tricia Zunker (D),D,1261957.2999999998,1232690.26,29267.039999999804,L,0,C
Wisconsin,8,Mike Gallagher (R),R,3202904.74,2841800.71,361104.03000000026,W,1,I
Wisconsin,8,Amanda Stuck (D),D,416978.45,399915.94,17062.51000000001,L,0,C
Wyoming,1,Liz Cheney (R),R,3003883.3400000003,3060166.7800000003,-56283.439999999944,W,1,I
Wyoming,1,Lynnette Grey Bull (D),D,134597.32,132234.75,2362.570000000007,L,0,C
